"track name=""asdfasd""","description=""lkjhkljh""",type=bedDetail,,db=hg38,reference=GRCh38.p2
chr1,112911846,112956352,.,.,GENE_ID=SLC16A1
chr1,62454725,62688367,.,.,GENE_ID=DOCK7
chr1,18839598,18859660,.,.,GENE_ID=TAS1R2
chr1,109250018,109275755,.,.,GENE_ID=CELSR2
chr1,114673097,114695617,.,.,GENE_ID=AMPD1
chr1,11785729,11806102,.,.,GENE_ID=MTHFR
chr1,65420651,65637492,.,.,GENE_ID=LEPR
chr1,72282987,72670715,.,.,GENE_ID=LOC105378797
chr1,1331323,1335319,.,.,GENE_ID=TAS1R3
chr1,21436774,21484899,.,.,GENE_ID=NBPF3
chr1,161222292,161223627,.,.,GENE_ID=APOA2
chr1,169511953,169586629,.,.,GENE_ID=F5
chr1,230702522,230714589,.,.,GENE_ID=AGT
chr1,209686179,209734949,.,.,GENE_ID=HSD11B1
chr2,46297401,46386702,.,.,GENE_ID=EPAS1
chr2,27496838,27523688,.,.,GENE_ID=GCKR
chr2,135839625,135876476,.,.,GENE_ID=MCM6
error,rs515135
chr2,168901222,168909999,.,.,GENE_ID=G6PC2
chr2,43831941,43880050,.,.,GENE_ID=ABCG8
error,rs7557067
chr2,118059966,118088387,.,.,GENE_ID=LOC107985940
error,rs112690955
chr3,123282295,123448987,.,.,GENE_ID=ADCY5
chr3,122183682,122286502,.,.,GENE_ID=CASR
chr3,12287484,12471053,.,.,GENE_ID=PPARG
chr4,71741692,71805519,.,.,GENE_ID=GC
chr4,23792020,24472828,.,.,GENE_ID=PPARGC1A
chr5,148826592,148828633,.,.,GENE_ID=ADRB2
chr5,139367195,139384552,.,.,GENE_ID=SLC23A1
chr6,26087280,26096215,.,.,GENE_ID=HFE
chr6,31575566,31578335,.,.,GENE_ID=TNF
chr6,43770208,43786486,.,.,GENE_ID=VEGFA
chr6,35342557,35428190,.,.,GENE_ID=PPARD
chr6,32637405,32654845,.,.,GENE_ID=HLA-DQA1
chr6,32439841,32445045,.,.,GENE_ID=HLA-DRA
error,rs2758151
chr6,3929206,3935119,.,.,GENE_ID=LOC107987449
error,rs4713586
chr6,159679063,159762528,.,.,GENE_ID=SOD2
chr6,12256462,12297193,.,.,GENE_ID=EDN1
chr6,151654147,152129603,.,.,GENE_ID=ESR1
error,rs7454108
error,rs7775228
chr6,50817691,50847618,.,.,GENE_ID=TFAP2B
chr7,141972630,141973772,.,.,GENE_ID=TAS2R38
chr7,30911693,30925516,.,.,GENE_ID=AQP1
chr7,80602187,80679276,.,.,GENE_ID=CD36
chr7,150991055,151014598,.,.,GENE_ID=NOS3
chr7,22725888,22732001,.,.,GENE_ID=IL6
chr8,30156296,30183638,.,.,GENE_ID=DCTN6
chr8,19939070,19967258,.,.,GENE_ID=LPL
chr8,37962994,37966665,.,.,GENE_ID=ADRB3
chr8,63059487,63086522,.,.,GENE_ID=TTPA
chr8,10893763,11201409,.,.,GENE_ID=XKR6
chr9,134641788,134844842,.,.,GENE_ID=COL5A1
chr9,3824126,4310693,.,.,GENE_ID=GLIS3
error,rs5934505
error,rs10885122
chr10,5048765,5107685,.,.,GENE_ID=AKR1C3
chr10,114044046,114046907,.,.,GENE_ID=ADRB1
chr10,37758451,37858201,.,.,GENE_ID=ZNF248
chr10,112950219,113167677,.,.,GENE_ID=TCF7L2
chr11,34438924,34472059,.,.,GENE_ID=CAT
chr11,45847117,45883247,.,.,GENE_ID=CRY2
chr11,61799624,61817056,.,.,GENE_ID=FADS1
chr11,46719165,46739507,.,.,GENE_ID=F2
chr11,113386013,113400417,.,.,GENE_ID=ANKK1
chr11,66546394,66563328,.,.,GENE_ID=ACTN3
chr11,116829891,116833073,.,.,GENE_ID=APOC3
chr11,27654892,27722057,.,.,GENE_ID=BDNF
chr11,116789369,116792419,.,.,GENE_ID=APOA5
chr11,102835796,102843688,.,.,GENE_ID=MMP3
chr11,116778188,116789271,.,.,GENE_ID=ZPR1
chr12,109448654,109477543,.,.,GENE_ID=KCTD10
chr12,109553714,109573579,.,.,GENE_ID=MMAB
chr12,111766886,111809984,.,.,GENE_ID=ALDH2
chr12,47841536,47905030,.,.,GENE_ID=VDR
chr14,96204797,96244328,.,.,GENE_ID=BDKRB2
chr15,51208056,51338597,.,.,GENE_ID=CYP19A1
chr15,50277191,50359305,.,.,GENE_ID=GABPB1
chr15,58410456,58568951,.,.,GENE_ID=LIPC
chr15,74748842,74756599,.,.,GENE_ID=CYP1A2
error,rs11076023
chr16,81238447,81291141,.,.,GENE_ID=BCO1
error,rs1588413
error,rs247616
chr16,53703962,54114466,.,.,GENE_ID=FTO
chr16,11248902,11396486,.,.,GENE_ID=LOC105371082
chr17,7614063,7633382,.,.,GENE_ID=SHBG
chr17,17811348,17837016,.,.,GENE_ID=SREBF1
chr17,63477060,63498379,.,.,GENE_ID=ACE
error,rs17782313
chr19,44905748,44909394,.,.,GENE_ID=APOE
chr19,48695970,48705933,.,.,GENE_ID=FUT2
chr19,45306412,45322976,.,.,GENE_ID=CKM
chr21,45981748,46005048,.,.,GENE_ID=COL6A1
chr22,46150533,46243755,.,.,GENE_ID=PPARA
chr22,19941739,19969974,.,.,GENE_ID=COMT
chr22,37065435,37110624,.,.,GENE_ID=TMPRSS6
